{"convert_geotiff": 1.3210222721099854, "convert_png": 1.0820446014404297}